{"train_auc": 0.9670592854338438, "test_auc": 0.7039738430583501}