{"train_auc": 0.8665170596499705, "test_auc": 0.7331473025536952}